{
  "macro_auc": 0.8264981037377002,
  "macro_f1": 0.6154797247774462,
  "hamming": 0.20936585365853658,
  "per_class_auc": {
    "NORM": 0.8742975217677394,
    "MI": 0.8484455252201465,
    "STTC": 0.7101338344016875,
    "CD": 0.8441249429152655,
    "HYP": 0.8554886943836616
  },
  "per_class_f1": {
    "NORM": 0.7926356589147286,
    "MI": 0.5878848063555114,
    "STTC": 0.5093317278747742,
    "CD": 0.665158371040724,
    "HYP": 0.5223880597014925
  },
  "thresholds": [
    0.04,
    0.08,
    0.56,
    0.14,
    0.04
  ]
}