{
  "macro_auc": 0.9018576290002679,
  "macro_f1": 0.6933667133350102,
  "hamming": 0.13551219512195123,
  "per_class_auc": {
    "NORM": 0.9410731227715803,
    "MI": 0.9174746693194797,
    "STTC": 0.8928799995904074,
    "CD": 0.8946267696267696,
    "HYP": 0.8632335836931022
  },
  "per_class_f1": {
    "NORM": 0.8539440203562341,
    "MI": 0.6824858757062147,
    "STTC": 0.7077702702702703,
    "CD": 0.7103718199608611,
    "HYP": 0.5122615803814714
  },
  "thresholds": [
    0.34,
    0.18,
    0.16,
    0.26,
    0.46
  ]
}